Timestamp,Sim Time,Uptime,Voltage (V),Current (A),Power (W),Cumulative Gen (Wh),SOC (%),Power Source,Step Status
2026-09-05 17:18:32,14:30,609s,0.106549,0.000107,1.1e-05,1e-05,50,harvested,PRESSED
2026-09-05 17:18:32,14:30,609s,0.093842,9.4e-05,8.806253e-06,1e-05,50,harvested,IDLE
2026-09-05 17:18:32,14:30,609s,0.087977,8.8e-05,7.739871e-06,1e-05,50,harvested,PRESSED
2026-09-05 17:18:32,14:30,609s,0.093842,9.4e-05,8.806253e-06,1e-05,50,harvested,IDLE
2026-09-05 17:18:32,14:30,609s,0.102639,0.000103,1.1e-05,1e-05,50,harvested,PRESSED
2026-09-05 17:18:32,14:30,610s,0.099707,0.0001,9.941436e-06,1e-05,50,harvested,IDLE
2026-09-05 17:18:32,14:30,610s,0.088954,8.9e-05,7.912824e-06,1e-05,50,harvested,PRESSED
2026-09-05 17:18:32,14:30,610s,0.088954,8.9e-05,7.912824e-06,1e-05,50,harvested,IDLE
2026-09-05 17:18:32,14:30,610s,0.095797,9.6e-05,9.177003e-06,1e-05,50,harvested,PRESSED
2026-09-05 17:18:32,14:30,610s,0.103617,0.000104,1.1e-05,1e-05,50,harvested,IDLE
2026-09-05 17:18:32,14:30,610s,0.090909,9.1e-05,8.264464e-06,1e-05,50,harvested,PRESSED
2026-09-05 17:18:32,14:30,610s,0.080156,8e-05,6.425048e-06,1e-05,50,harvested,IDLE
2026-09-05 17:18:32,14:30,610s,0.084066,8.4e-05,7.067172e-06,1e-05,50,harvested,PRESSED
2026-09-05 17:18:32,14:30,611s,0.096774,9.7e-05,9.365243e-06,1e-05,50,harvested,IDLE
2026-09-05 17:18:32,14:30,611s,0.098729,9.9e-05,9.747461e-06,1e-05,50,harvested,PRESSED
2026-09-05 17:18:32,14:30,611s,0.082111,8.2e-05,6.742288e-06,1e-05,50,harvested,IDLE
2026-09-05 17:18:32,14:30,611s,0.082111,8.2e-05,6.742288e-06,1e-05,50,harvested,PRESSED
2026-09-05 17:18:32,14:30,611s,0.084066,8.4e-05,7.067172e-06,1e-05,50,harvested,IDLE
2026-09-05 17:18:32,14:30,611s,0.093842,9.4e-05,8.806253e-06,1e-05,50,harvested,PRESSED
2026-09-05 17:18:32,14:30,611s,0.085044,8.5e-05,7.23248e-06,1e-05,50,harvested,IDLE
2026-09-05 17:18:32,14:30,611s,0.076246,7.6e-05,5.813504e-06,1e-05,50,harvested,PRESSED
2026-09-05 17:18:33,14:30,612s,0.075269,7.5e-05,5.665395e-06,1e-05,50,harvested,IDLE
2026-09-05 17:18:33,14:30,612s,0.079179,7.9e-05,6.269296e-06,1e-05,50,harvested,PRESSED
2026-09-05 17:18:33,14:30,612s,0.082111,8.2e-05,6.742288e-06,1e-05,50,harvested,IDLE
2026-09-05 17:18:33,14:30,612s,0.071359,7.1e-05,5.092071e-06,1e-05,50,harvested,PRESSED
2026-09-05 17:18:33,14:30,612s,0.068426,6.8e-05,4.682145e-06,1e-05,50,harvested,IDLE
2026-09-05 17:18:33,14:30,612s,0.052786,5.3e-05,2.786354e-06,1e-05,50,harvested,PRESSED
2026-09-05 17:18:33,14:30,612s,0.058651,5.9e-05,3.439943e-06,1e-05,50,harvested,IDLE
2026-09-05 17:18:33,14:30,612s,0.080156,8e-05,6.425048e-06,1e-05,50,harvested,PRESSED
2026-09-05 17:18:34,14:30,613s,0.101662,0.000102,1e-05,1e-05,50,harvested,IDLE
2026-09-05 17:18:34,14:30,613s,0.197458,0.000197,3.9e-05,1e-05,50,harvested,PRESSED
2026-09-05 17:18:34,14:30,613s,0.420332,0.00042,0.000177,1e-05,50,harvested,IDLE
2026-09-05 17:18:34,14:30,613s,0.379277,0.000379,0.000144,1e-05,50,harvested,PRESSED
2026-09-05 17:18:34,14:30,613s,0.16911,0.000169,2.9e-05,1e-05,50,harvested,IDLE
2026-09-05 17:18:34,14:30,613s,0.244379,0.000244,6e-05,1e-05,50,harvested,PRESSED
2026-09-05 17:18:34,14:30,613s,0.228739,0.000229,5.2e-05,1e-05,50,harvested,IDLE
2026-09-05 17:18:34,14:30,613s,0.013685,1.4e-05,1.872858e-07,1e-05,50,harvested,IDLE
2026-09-05 17:18:35,14:30,614s,0.067449,6.7e-05,4.549325e-06,1e-05,50,harvested,PRESSED
2026-09-05 17:18:35,14:30,614s,0.098729,9.9e-05,9.747461e-06,1e-05,50,harvested,IDLE
2026-09-05 17:18:35,14:30,614s,0,0,0,1e-05,50,harvested,IDLE
2026-09-05 17:18:35,14:30,614s,0.134897,0.000135,1.8e-05,1e-05,50,harvested,PRESSED
2026-09-05 17:18:35,14:30,614s,0.020528,2.1e-05,4.21393e-07,1e-05,50,harvested,IDLE
2026-09-05 17:18:35,14:30,614s,0.061584,6.2e-05,3.792537e-06,1e-05,50,harvested,PRESSED
2026-09-05 17:18:35,14:30,614s,0.237537,0.000238,5.6e-05,1e-05,50,harvested,IDLE
2026-09-05 17:18:35,14:30,614s,0.115347,0.000115,1.3e-05,1e-05,50,harvested,PRESSED
2026-09-05 17:18:36,14:30,615s,0.001955,1.955034e-06,3.822159e-09,1e-05,50,harvested,IDLE
2026-09-05 17:18:36,14:30,615s,0.27957,0.00028,7.8e-05,1e-05,50,harvested,PRESSED
2026-09-05 17:18:36,14:30,615s,0,0,0,1e-05,50,harvested,IDLE
2026-09-05 17:18:36,14:30,615s,0,0,0,1e-05,50,harvested,IDLE
2026-09-05 17:18:36,14:30,615s,0.086999,8.7e-05,7.568829e-06,1e-05,50,harvested,PRESSED
2026-09-05 17:18:36,14:30,615s,0.371457,0.000371,0.000138,1e-05,50,harvested,IDLE
2026-09-05 17:18:36,14:30,615s,0.000978,9.775171e-07,9.555396e-10,1e-05,50,harvested,IDLE
2026-09-05 17:18:36,14:30,615s,0.01173,1.2e-05,1.375977e-07,1e-05,50,harvested,IDLE
2026-09-05 17:18:37,14:30,616s,0.016618,1.7e-05,2.76151e-07,1e-05,50,harvested,IDLE
2026-09-05 17:18:37,14:30,616s,0.018573,1.9e-05,3.449499e-07,1e-05,50,harvested,IDLE
2026-09-05 17:18:37,14:30,616s,0.017595,1.8e-05,3.095949e-07,1e-05,50,harvested,IDLE
2026-09-05 17:18:37,14:30,616s,0.017595,1.8e-05,3.095949e-07,1e-05,50,harvested,IDLE
2026-09-05 17:18:37,14:30,616s,0.017595,1.8e-05,3.095949e-07,1e-05,50,harvested,IDLE
2026-09-05 17:18:37,14:30,616s,0.016618,1.7e-05,2.76151e-07,1e-05,50,harvested,IDLE
2026-09-05 17:18:37,14:30,616s,0.016618,1.7e-05,2.76151e-07,1e-05,50,harvested,IDLE
2026-09-05 17:18:37,14:30,616s,0.016618,1.7e-05,2.76151e-07,1e-05,50,harvested,IDLE
2026-09-05 17:18:38,14:30,617s,0.016618,1.7e-05,2.76151e-07,1e-05,50,harvested,IDLE
2026-09-05 17:18:38,14:30,617s,0.017595,1.8e-05,3.095949e-07,1e-05,50,harvested,IDLE
2026-09-05 17:18:38,14:30,617s,0.016618,1.7e-05,2.76151e-07,1e-05,50,harvested,IDLE
2026-09-05 17:18:38,14:30,617s,0.017595,1.8e-05,3.095949e-07,1e-05,50,harvested,IDLE
2026-09-05 17:18:38,14:30,617s,0.014663,1.5e-05,2.149964e-07,1e-05,50,harvested,IDLE
2026-09-05 17:18:38,14:30,617s,0.01564,1.6e-05,2.446181e-07,1e-05,50,harvested,IDLE
2026-09-05 17:18:38,14:30,617s,0.01564,1.6e-05,2.446181e-07,1e-05,50,harvested,IDLE
2026-09-05 17:18:38,14:30,617s,0.02346,2.3e-05,5.503908e-07,1e-05,50,harvested,IDLE
2026-09-05 17:18:39,14:30,618s,0.044966,4.5e-05,2.021922e-06,1e-05,50,harvested,PRESSED
2026-09-05 17:18:39,14:30,618s,0.281525,0.000282,7.9e-05,1e-05,50,harvested,IDLE
2026-09-05 17:18:39,14:30,618s,0.076246,7.6e-05,5.813504e-06,1e-05,50,harvested,PRESSED
2026-09-05 17:18:39,14:30,618s,0.041056,4.1e-05,1.685572e-06,1e-05,50,harvested,IDLE
2026-09-05 17:18:39,14:30,618s,0.31085,0.000311,9.7e-05,1e-05,50,harvested,PRESSED
2026-09-05 17:18:39,14:30,618s,0.013685,1.4e-05,1.872858e-07,1e-05,50,harvested,IDLE
2026-09-05 17:18:39,14:30,618s,0,0,0,1e-05,50,harvested,IDLE
2026-09-05 17:18:39,14:30,618s,0.418377,0.000418,0.000175,1e-05,50,harvested,PRESSED
2026-09-05 17:18:40,14:30,619s,0.000978,9.775171e-07,9.555396e-10,1e-05,50,harvested,IDLE
2026-09-05 17:18:40,14:30,619s,0,0,0,1e-05,50,harvested,IDLE
2026-09-05 17:18:40,14:30,619s,0.218964,0.000219,4.8e-05,1e-05,50,harvested,PRESSED
2026-09-05 17:18:40,14:30,619s,0.640274,0.00064,0.00041,1.1e-05,50,harvested,IDLE
2026-09-05 17:18:40,14:30,619s,0,0,0,1.1e-05,50,harvested,IDLE
2026-09-05 17:18:40,14:30,619s,0.159335,0.000159,2.5e-05,1.1e-05,50,harvested,PRESSED
2026-09-05 17:18:40,14:30,619s,0.347019,0.000347,0.00012,1.1e-05,50,harvested,IDLE
2026-09-05 17:18:40,14:30,619s,0,0,0,1.1e-05,50,harvested,IDLE
2026-09-05 17:18:40,14:30,620s,0.000978,9.775171e-07,9.555396e-10,1.1e-05,50,harvested,IDLE
2026-09-05 17:18:41,14:30,620s,0.332356,0.000332,0.00011,1.1e-05,50,harvested,PRESSED
2026-09-05 17:18:41,14:30,620s,0.000978,9.775171e-07,9.555396e-10,1.1e-05,50,harvested,IDLE
2026-09-05 17:18:41,14:30,620s,0,0,0,1.1e-05,50,harvested,IDLE
2026-09-05 17:18:41,14:30,620s,0.213099,0.000213,4.5e-05,1.1e-05,50,harvested,PRESSED
2026-09-05 17:18:41,14:30,620s,0.336266,0.000336,0.000113,1.1e-05,50,harvested,IDLE
2026-09-05 17:18:41,14:30,620s,0.136852,0.000137,1.9e-05,1.1e-05,50,harvested,PRESSED
2026-09-05 17:18:41,14:30,620s,0,0,0,1.1e-05,50,harvested,IDLE
2026-09-05 17:18:41,14:30,621s,0.455523,0.000456,0.000208,1.1e-05,50,harvested,PRESSED
2026-09-05 17:18:42,14:30,621s,0,0,0,1.1e-05,50,harvested,IDLE
2026-09-05 17:18:42,14:30,621s,0.044966,4.5e-05,2.021922e-06,1.1e-05,50,harvested,PRESSED
2026-09-05 17:18:42,14:30,621s,0.27566,0.000276,7.6e-05,1.1e-05,50,harvested,IDLE
2026-09-05 17:18:42,14:30,621s,0.123167,0.000123,1.5e-05,1.1e-05,50,harvested,PRESSED
2026-09-05 17:18:42,14:30,621s,0.01564,1.6e-05,2.446181e-07,1.1e-05,50,harvested,IDLE
2026-09-05 17:18:42,14:30,621s,0.01955,2e-05,3.822159e-07,1.1e-05,50,harvested,IDLE
2026-09-05 17:18:42,14:30,621s,0.018573,1.9e-05,3.449499e-07,1.1e-05,50,harvested,IDLE
2026-09-05 17:18:42,14:30,622s,0.349951,0.00035,0.000122,1.1e-05,50,harvested,PRESSED
2026-09-05 17:18:43,14:30,622s,0.048876,4.9e-05,2.388849e-06,1.1e-05,50,harvested,IDLE
2026-09-05 17:18:43,14:30,622s,0.051808,5.2e-05,2.684111e-06,1.1e-05,50,harvested,PRESSED
2026-09-05 17:18:43,14:30,622s,0.589443,0.000589,0.000347,1.1e-05,50,harvested,IDLE
2026-09-05 17:18:43,14:30,622s,0,0,0,1.1e-05,50,harvested,IDLE
2026-09-05 17:18:43,14:30,622s,0.040078,4e-05,1.606262e-06,1.1e-05,50,harvested,PRESSED
2026-09-05 17:18:43,14:30,622s,0.470186,0.00047,0.000221,1.1e-05,50,harvested,IDLE
2026-09-05 17:18:43,14:30,622s,0.059629,6e-05,3.555563e-06,1.1e-05,50,harvested,PRESSED
2026-09-05 17:18:43,14:30,622s,0,0,0,1.1e-05,50,harvested,IDLE
2026-09-05 17:18:44,14:30,623s,0.317693,0.000318,0.000101,1.1e-05,50,harvested,PRESSED
2026-09-05 17:18:44,14:30,623s,0.030303,3e-05,9.182737e-07,1.1e-05,50,harvested,IDLE
2026-09-05 17:18:44,14:30,623s,0,0,0,1.1e-05,50,harvested,IDLE
2026-09-05 17:18:44,14:30,623s,0.194526,0.000195,3.8e-05,1.1e-05,50,harvested,PRESSED
2026-09-05 17:18:44,14:30,623s,0.253177,0.000253,6.4e-05,1.1e-05,50,harvested,IDLE
2026-09-05 17:18:44,14:30,623s,0.071359,7.1e-05,5.092071e-06,1.1e-05,50,harvested,PRESSED
2026-09-05 17:18:44,14:30,623s,0,0,0,1.1e-05,50,harvested,IDLE
2026-09-05 17:18:44,14:30,623s,0.359726,0.00036,0.000129,1.1e-05,50,harvested,PRESSED
2026-09-05 17:18:45,14:30,624s,0.035191,3.5e-05,1.238379e-06,1.1e-05,50,harvested,IDLE
2026-09-05 17:18:45,14:30,624s,0,0,0,1.1e-05,50,harvested,IDLE
2026-09-05 17:18:45,14:30,624s,0.135875,0.000136,1.8e-05,1.1e-05,50,harvested,PRESSED
2026-09-05 17:18:45,14:30,624s,0.391984,0.000392,0.000154,1.1e-05,50,harvested,IDLE
2026-09-05 17:18:45,14:30,624s,0.084066,8.4e-05,7.067172e-06,1.1e-05,50,harvested,PRESSED
2026-09-05 17:18:45,14:30,624s,0,0,0,1.1e-05,50,harvested,IDLE
2026-09-05 17:18:45,14:30,624s,0.41349,0.000413,0.000171,1.1e-05,50,harvested,PRESSED
2026-09-05 17:18:45,14:30,624s,0.012708,1.3e-05,1.614862e-07,1.1e-05,50,harvested,IDLE
2026-09-05 17:18:46,14:30,625s,0,0,0,1.1e-05,50,harvested,IDLE
2026-09-05 17:18:46,14:30,625s,0.229717,0.00023,5.3e-05,1.1e-05,50,harvested,PRESSED
2026-09-05 17:18:46,14:30,625s,0.481916,0.000482,0.000232,1.1e-05,50,harvested,IDLE
2026-09-05 17:18:46,14:30,625s,0,0,0,1.1e-05,50,harvested,IDLE
2026-09-05 17:18:46,14:30,625s,0.016618,1.7e-05,2.76151e-07,1.1e-05,50,harvested,IDLE
2026-09-05 17:18:46,14:30,625s,0.460411,0.00046,0.000212,1.1e-05,50,harvested,PRESSED
2026-09-05 17:18:46,14:30,625s,0.00782,7.820136e-06,6.115454e-08,1.1e-05,50,harvested,IDLE
2026-09-05 17:18:46,14:30,625s,0.006843,6.84262e-06,4.682144e-08,1.1e-05,50,harvested,IDLE
2026-09-05 17:18:47,14:30,626s,0.358749,0.000359,0.000129,1.1e-05,50,harvested,PRESSED
2026-09-05 17:18:47,14:30,626s,0.012708,1.3e-05,1.614862e-07,1.1e-05,50,harvested,IDLE
2026-09-05 17:18:47,14:30,626s,0,0,0,1.1e-05,50,harvested,IDLE
2026-09-05 17:18:47,14:30,626s,0.086022,8.6e-05,7.399699e-06,1.1e-05,50,harvested,PRESSED
2026-09-05 17:18:47,14:30,626s,0.381232,0.000381,0.000145,1.1e-05,50,harvested,IDLE
2026-09-05 17:18:47,14:30,626s,0.006843,6.84262e-06,4.682144e-08,1.1e-05,50,harvested,IDLE
2026-09-05 17:18:47,14:30,626s,0,0,0,1.1e-05,50,harvested,IDLE
2026-09-05 17:18:47,14:30,626s,0.16911,0.000169,2.9e-05,1.1e-05,50,harvested,PRESSED
2026-09-05 17:18:48,14:30,627s,0.370479,0.00037,0.000137,1.1e-05,50,harvested,IDLE
2026-09-05 17:18:48,14:30,627s,0.000978,9.775171e-07,9.555396e-10,1.1e-05,50,harvested,IDLE
2026-09-05 17:18:48,14:30,627s,0,0,0,1.1e-05,50,harvested,IDLE
2026-09-05 17:18:48,14:30,627s,0.347996,0.000348,0.000121,1.2e-05,50,harvested,PRESSED
2026-09-05 17:18:48,14:30,627s,0,0,0,1.2e-05,50,harvested,IDLE
2026-09-05 17:18:48,14:30,627s,0,0,0,1.2e-05,50,harvested,IDLE
2026-09-05 17:18:48,14:30,627s,0.426197,0.000426,0.000182,1.2e-05,50,harvested,PRESSED
2026-09-05 17:18:48,14:30,627s,0.009775,9.775171e-06,9.555396e-08,1.2e-05,50,harvested,IDLE
2026-09-05 17:18:49,14:30,628s,0,0,0,1.2e-05,50,harvested,IDLE
2026-09-05 17:18:49,14:30,628s,0.312805,0.000313,9.8e-05,1.2e-05,50,harvested,PRESSED
2026-09-05 17:18:49,14:30,628s,0.051808,5.2e-05,2.684111e-06,1.2e-05,50,harvested,IDLE
2026-09-05 17:18:49,14:30,628s,0.005865,5.865103e-06,3.439943e-08,1.2e-05,50,harvested,IDLE
2026-09-05 17:18:49,14:30,628s,0.181818,0.000182,3.3e-05,1.2e-05,50,harvested,PRESSED
2026-09-05 17:18:49,14:30,628s,0.000978,9.775171e-07,9.555396e-10,1.2e-05,50,harvested,IDLE
2026-09-05 17:18:49,14:30,628s,0.021505,2.2e-05,4.624812e-07,1.2e-05,50,harvested,IDLE
2026-09-05 17:18:49,14:30,628s,0.076246,7.6e-05,5.813504e-06,1.2e-05,50,harvested,PRESSED
2026-09-05 17:18:50,14:30,629s,0.442815,0.000443,0.000196,1.2e-05,50,harvested,IDLE
2026-09-05 17:18:50,14:30,629s,0.160313,0.00016,2.6e-05,1.2e-05,50,harvested,PRESSED
2026-09-05 17:18:50,14:30,629s,0.146628,0.000147,2.1e-05,1.2e-05,50,harvested,IDLE
2026-09-05 17:18:50,14:30,629s,0.018573,1.9e-05,3.449499e-07,1.2e-05,50,harvested,IDLE
2026-09-05 17:18:50,14:30,629s,0.171065,0.000171,2.9e-05,1.2e-05,50,harvested,PRESSED
2026-09-05 17:18:50,14:30,629s,0.206256,0.000206,4.3e-05,1.2e-05,50,harvested,IDLE
2026-09-05 17:18:50,14:30,629s,0.179863,0.00018,3.2e-05,1.2e-05,50,harvested,PRESSED
2026-09-05 17:18:50,14:30,629s,0.226784,0.000227,5.1e-05,1.2e-05,50,harvested,IDLE
2026-09-05 17:18:51,14:30,630s,0.062561,6.3e-05,3.91389e-06,1.2e-05,50,harvested,PRESSED
2026-09-05 17:18:51,14:30,630s,0.096774,9.7e-05,9.365243e-06,1.2e-05,50,harvested,IDLE
2026-09-05 17:18:51,14:30,630s,0.420332,0.00042,0.000177,1.2e-05,50,harvested,PRESSED
2026-09-05 17:18:51,14:30,630s,0.29521,0.000295,8.7e-05,1.2e-05,50,harvested,IDLE
2026-09-05 17:18:51,14:30,630s,0.191593,0.000192,3.7e-05,1.2e-05,50,harvested,PRESSED
2026-09-05 17:18:51,14:30,630s,0.300098,0.0003,9e-05,1.2e-05,50,harvested,IDLE
2026-09-05 17:18:51,14:30,630s,0.098729,9.9e-05,9.747461e-06,1.2e-05,50,harvested,PRESSED
2026-09-05 17:18:51,14:30,630s,0.27566,0.000276,7.6e-05,1.2e-05,50,harvested,IDLE
2026-09-05 17:18:52,14:30,631s,0.252199,0.000252,6.4e-05,1.2e-05,50,harvested,PRESSED
2026-09-05 17:18:52,14:30,631s,0.196481,0.000196,3.9e-05,1.2e-05,50,harvested,IDLE
2026-09-05 17:18:52,14:30,631s,0.321603,0.000322,0.000103,1.2e-05,50,harvested,PRESSED
2026-09-05 17:18:52,14:30,631s,0.105572,0.000106,1.1e-05,1.2e-05,50,harvested,IDLE
2026-09-05 17:18:52,14:30,631s,0.215054,0.000215,4.6e-05,1.2e-05,50,harvested,PRESSED
2026-09-05 17:18:52,14:30,631s,0.164223,0.000164,2.7e-05,1.2e-05,50,harvested,IDLE
2026-09-05 17:18:52,14:30,631s,0.095797,9.6e-05,9.177003e-06,1.2e-05,50,harvested,PRESSED
2026-09-05 17:18:52,14:30,631s,0.038123,3.8e-05,1.453376e-06,1.2e-05,50,harvested,IDLE
2026-09-05 17:18:53,14:30,632s,0.085044,8.5e-05,7.23248e-06,1.2e-05,50,harvested,PRESSED
2026-09-05 17:18:53,14:30,632s,0.112414,0.000112,1.3e-05,1.2e-05,50,harvested,IDLE
2026-09-05 17:18:53,14:30,632s,0.127077,0.000127,1.6e-05,1.2e-05,50,harvested,PRESSED
2026-09-05 17:18:53,14:30,632s,0.041056,4.1e-05,1.685572e-06,1.2e-05,50,harvested,IDLE
2026-09-05 17:18:53,14:30,632s,0.207234,0.000207,4.3e-05,1.2e-05,50,harvested,PRESSED
2026-09-05 17:18:53,14:30,632s,0.15738,0.000157,2.5e-05,1.2e-05,50,harvested,IDLE
2026-09-05 17:18:53,14:30,632s,0.115347,0.000115,1.3e-05,1.2e-05,50,harvested,PRESSED
2026-09-05 17:18:53,14:30,632s,0,0,0,1.2e-05,50,harvested,IDLE
2026-09-05 17:18:54,14:30,633s,0.266862,0.000267,7.1e-05,1.2e-05,50,harvested,PRESSED
2026-09-05 17:18:54,14:30,633s,0.167155,0.000167,2.8e-05,1.2e-05,50,harvested,IDLE
2026-09-05 17:18:54,14:30,633s,0.241447,0.000241,5.8e-05,1.2e-05,50,harvested,PRESSED
2026-09-05 17:18:54,14:30,633s,0,0,0,1.2e-05,50,harvested,IDLE
2026-09-05 17:18:54,14:30,633s,0.183773,0.000184,3.4e-05,1.2e-05,50,harvested,PRESSED
2026-09-05 17:18:54,14:30,633s,0.148583,0.000149,2.2e-05,1.2e-05,50,harvested,IDLE
2026-09-05 17:18:54,14:30,633s,0.067449,6.7e-05,4.549325e-06,1.2e-05,50,harvested,PRESSED
2026-09-05 17:18:54,14:30,633s,0.214076,0.000214,4.6e-05,1.2e-05,50,harvested,IDLE
2026-09-05 17:18:55,14:30,634s,0.255132,0.000255,6.5e-05,1.2e-05,50,harvested,PRESSED
2026-09-05 17:18:55,14:30,634s,0,0,0,1.2e-05,50,harvested,IDLE
2026-09-05 17:18:55,14:30,634s,0.266862,0.000267,7.1e-05,1.2e-05,50,harvested,PRESSED
2026-09-05 17:18:55,14:30,634s,0.192571,0.000193,3.7e-05,1.2e-05,50,harvested,IDLE
2026-09-05 17:18:55,14:30,634s,0.333333,0.000333,0.000111,1.2e-05,50,harvested,PRESSED
2026-09-05 17:18:55,14:30,634s,0.202346,0.000202,4.1e-05,1.2e-05,50,harvested,IDLE
2026-09-05 17:18:55,14:30,634s,0.14956,0.00015,2.2e-05,1.2e-05,50,harvested,PRESSED
2026-09-05 17:18:55,14:30,634s,0.252199,0.000252,6.4e-05,1.2e-05,50,harvested,IDLE
2026-09-05 17:18:56,14:30,635s,0.049853,5e-05,2.485359e-06,1.2e-05,50,harvested,PRESSED
2026-09-05 17:18:56,14:30,635s,0.27566,0.000276,7.6e-05,1.2e-05,50,harvested,IDLE
2026-09-05 17:18:56,14:30,635s,0.217986,0.000218,4.8e-05,1.2e-05,50,harvested,PRESSED
2026-09-05 17:18:56,14:30,635s,0.236559,0.000237,5.6e-05,1.2e-05,50,harvested,IDLE
2026-09-05 17:18:56,14:30,635s,0.087977,8.8e-05,7.739871e-06,1.2e-05,50,harvested,PRESSED
2026-09-05 17:18:56,14:30,635s,0.082111,8.2e-05,6.742288e-06,1.2e-05,50,harvested,IDLE
2026-09-05 17:18:56,14:30,635s,0.090909,9.1e-05,8.264464e-06,1.2e-05,50,harvested,PRESSED
2026-09-05 17:18:56,14:30,635s,0.075269,7.5e-05,5.665395e-06,1.2e-05,50,harvested,IDLE
2026-09-05 17:18:57,14:30,636s,0.066471,6.6e-05,4.418416e-06,1.2e-05,50,harvested,PRESSED
2026-09-05 17:18:57,14:30,636s,0.068426,6.8e-05,4.682145e-06,1.2e-05,50,harvested,IDLE
2026-09-05 17:18:57,14:30,636s,0.079179,7.9e-05,6.269296e-06,1.2e-05,50,harvested,PRESSED
2026-09-05 17:18:57,14:30,636s,0.077224,7.7e-05,5.963523e-06,1.2e-05,50,harvested,IDLE
2026-09-05 17:18:57,14:30,636s,0.063539,6.4e-05,4.037155e-06,1.2e-05,50,harvested,PRESSED
2026-09-05 17:18:57,14:30,636s,0.064516,6.5e-05,4.162331e-06,1.2e-05,50,harvested,IDLE
2026-09-05 17:18:57,14:30,636s,0.076246,7.6e-05,5.813504e-06,1.2e-05,50,harvested,PRESSED
2026-09-05 17:18:57,14:30,636s,0.079179,7.9e-05,6.269296e-06,1.2e-05,50,harvested,IDLE
2026-09-05 17:18:58,14:30,637s,0.064516,6.5e-05,4.162331e-06,1.2e-05,50,harvested,PRESSED
2026-09-05 17:18:58,14:30,637s,0.058651,5.9e-05,3.439943e-06,1.2e-05,50,harvested,IDLE
2026-09-05 17:18:58,14:30,637s,0.061584,6.2e-05,3.792537e-06,1.2e-05,50,harvested,PRESSED
2026-09-05 17:18:58,14:30,637s,0.075269,7.5e-05,5.665395e-06,1.2e-05,50,harvested,IDLE
2026-09-05 17:18:58,14:30,637s,0.070381,7e-05,4.953518e-06,1.2e-05,50,harvested,PRESSED
2026-09-05 17:18:58,14:30,637s,0.055718,5.6e-05,3.104548e-06,1.2e-05,50,harvested,IDLE
2026-09-05 17:18:58,14:30,637s,0.060606,6.1e-05,3.673095e-06,1.2e-05,50,harvested,PRESSED
2026-09-05 17:18:58,14:30,637s,0.065494,6.5e-05,4.289418e-06,1.2e-05,50,harvested,IDLE
2026-09-05 17:18:59,14:30,638s,0.076246,7.6e-05,5.813504e-06,1.2e-05,50,harvested,PRESSED
2026-09-05 17:18:59,14:30,638s,0.064516,6.5e-05,4.162331e-06,1.2e-05,50,harvested,IDLE
2026-09-05 17:18:59,14:30,638s,0.058651,5.9e-05,3.439943e-06,1.2e-05,50,harvested,PRESSED
2026-09-05 17:18:59,14:30,638s,0.061584,6.2e-05,3.792537e-06,1.2e-05,50,harvested,IDLE
2026-09-05 17:18:59,14:30,638s,0.071359,7.1e-05,5.092071e-06,1.2e-05,50,harvested,PRESSED
2026-09-05 17:18:59,14:30,638s,0.063539,6.4e-05,4.037155e-06,1.2e-05,50,harvested,IDLE
2026-09-05 17:18:59,14:30,638s,0.014663,1.5e-05,2.149964e-07,1.2e-05,50,harvested,IDLE
2026-09-05 17:18:59,14:30,638s,0.014663,1.5e-05,2.149964e-07,1.2e-05,50,harvested,IDLE
2026-09-05 17:19:00,14:30,639s,0.01564,1.6e-05,2.446181e-07,1.2e-05,50,harvested,IDLE
2026-09-05 17:19:00,14:30,639s,0.013685,1.4e-05,1.872858e-07,1.2e-05,50,harvested,IDLE
2026-09-05 17:19:00,14:30,639s,0.009775,9.775171e-06,9.555396e-08,1.2e-05,50,harvested,IDLE
2026-09-05 17:19:00,14:30,639s,0.086022,8.6e-05,7.399699e-06,1.2e-05,50,harvested,PRESSED
2026-09-05 17:19:00,14:30,639s,0.166178,0.000166,2.8e-05,1.2e-05,50,harvested,IDLE
2026-09-05 17:19:00,14:30,639s,0.185728,0.000186,3.4e-05,1.2e-05,50,harvested,PRESSED
2026-09-05 17:19:00,14:30,639s,0.187683,0.000188,3.5e-05,1.2e-05,50,harvested,IDLE
2026-09-05 17:19:00,14:30,639s,0.078201,7.8e-05,6.115454e-06,1.2e-05,50,harvested,PRESSED
2026-09-05 17:19:00,14:30,640s,0.044966,4.5e-05,2.021922e-06,1.2e-05,50,harvested,IDLE
2026-09-05 17:19:01,14:30,640s,0.028348,2.8e-05,8.036089e-07,1.2e-05,50,harvested,IDLE
2026-09-05 17:19:01,14:30,640s,0.004888,4.887585e-06,2.388849e-08,1.2e-05,50,harvested,IDLE
2026-09-05 17:19:01,14:30,640s,0.014663,1.5e-05,2.149964e-07,1.2e-05,50,harvested,IDLE
2026-09-05 17:19:01,14:30,640s,0.013685,1.4e-05,1.872858e-07,1.2e-05,50,harvested,IDLE
2026-09-05 17:19:01,14:30,640s,0.013685,1.4e-05,1.872858e-07,1.2e-05,50,harvested,IDLE
2026-09-05 17:19:01,14:30,640s,0.014663,1.5e-05,2.149964e-07,1.2e-05,50,harvested,IDLE
2026-09-05 17:19:01,14:30,640s,0.01564,1.6e-05,2.446181e-07,1.2e-05,50,harvested,IDLE
2026-09-05 17:19:01,14:30,641s,0.013685,1.4e-05,1.872858e-07,1.2e-05,50,harvested,IDLE
2026-09-05 17:19:02,14:30,641s,0.014663,1.5e-05,2.149964e-07,1.2e-05,50,harvested,IDLE
2026-09-05 17:19:02,14:30,641s,0.014663,1.5e-05,2.149964e-07,1.2e-05,50,harvested,IDLE
2026-09-05 17:19:02,14:30,641s,0.014663,1.5e-05,2.149964e-07,1.2e-05,50,harvested,IDLE
2026-09-05 17:19:02,14:30,641s,0.01564,1.6e-05,2.446181e-07,1.2e-05,50,harvested,IDLE
2026-09-05 17:19:02,14:30,641s,0.014663,1.5e-05,2.149964e-07,1.2e-05,50,harvested,IDLE
2026-09-05 17:19:02,14:30,641s,0.014663,1.5e-05,2.149964e-07,1.2e-05,50,harvested,IDLE
2026-09-05 17:19:02,14:30,641s,0.013685,1.4e-05,1.872858e-07,1.2e-05,50,harvested,IDLE
2026-09-05 17:19:02,14:30,642s,0.01564,1.6e-05,2.446181e-07,1.2e-05,50,harvested,IDLE
2026-09-05 17:19:03,14:30,642s,0.013685,1.4e-05,1.872858e-07,1.2e-05,50,harvested,IDLE
2026-09-05 17:19:03,14:30,642s,0.014663,1.5e-05,2.149964e-07,1.2e-05,50,harvested,IDLE
2026-09-05 17:19:03,14:30,642s,0.014663,1.5e-05,2.149964e-07,1.2e-05,50,harvested,IDLE
2026-09-05 17:19:03,14:30,642s,0.014663,1.5e-05,2.149964e-07,1.2e-05,50,harvested,IDLE
2026-09-05 17:19:03,14:30,642s,0.013685,1.4e-05,1.872858e-07,1.2e-05,50,harvested,IDLE
2026-09-05 17:19:03,14:30,642s,0.013685,1.4e-05,1.872858e-07,1.2e-05,50,harvested,IDLE
2026-09-05 17:19:03,14:30,642s,0.013685,1.4e-05,1.872858e-07,1.2e-05,50,harvested,IDLE
2026-09-05 17:19:03,14:30,643s,0.014663,1.5e-05,2.149964e-07,1.2e-05,50,harvested,IDLE
2026-09-05 17:19:04,14:30,643s,0.014663,1.5e-05,2.149964e-07,1.2e-05,50,harvested,IDLE
2026-09-05 17:19:04,14:30,643s,0.013685,1.4e-05,1.872858e-07,1.2e-05,50,harvested,IDLE
2026-09-05 17:19:04,14:30,643s,0.013685,1.4e-05,1.872858e-07,1.2e-05,50,harvested,IDLE
2026-09-05 17:19:04,14:30,643s,0.013685,1.4e-05,1.872858e-07,1.2e-05,50,harvested,IDLE
2026-09-05 17:19:04,14:30,643s,0.013685,1.4e-05,1.872858e-07,1.2e-05,50,harvested,IDLE
2026-09-05 17:19:04,14:30,643s,0.013685,1.4e-05,1.872858e-07,1.2e-05,50,harvested,IDLE
2026-09-05 17:19:04,14:30,643s,0.013685,1.4e-05,1.872858e-07,1.2e-05,50,harvested,IDLE
2026-09-05 17:19:04,14:30,644s,0.013685,1.4e-05,1.872858e-07,1.2e-05,50,harvested,IDLE
2026-09-05 17:19:05,14:30,644s,0.013685,1.4e-05,1.872858e-07,1.2e-05,50,harvested,IDLE
2026-09-05 17:19:05,14:30,644s,0.013685,1.4e-05,1.872858e-07,1.2e-05,50,harvested,IDLE
2026-09-05 17:19:05,14:30,644s,0.013685,1.4e-05,1.872858e-07,1.2e-05,50,harvested,IDLE
2026-09-05 17:19:05,14:30,644s,0.013685,1.4e-05,1.872858e-07,1.2e-05,50,harvested,IDLE
2026-09-05 17:19:05,14:30,644s,0.013685,1.4e-05,1.872858e-07,1.2e-05,50,harvested,IDLE
2026-09-05 17:19:05,14:30,644s,0.013685,1.4e-05,1.872858e-07,1.2e-05,50,harvested,IDLE
2026-09-05 17:19:05,14:30,644s,0.013685,1.4e-05,1.872858e-07,1.2e-05,50,harvested,IDLE
2026-09-05 17:19:05,14:30,645s,0.013685,1.4e-05,1.872858e-07,1.2e-05,50,harvested,IDLE
2026-09-05 17:19:06,14:30,645s,0.013685,1.4e-05,1.872858e-07,1.2e-05,50,harvested,IDLE
2026-09-05 17:19:06,14:30,645s,0.013685,1.4e-05,1.872858e-07,1.2e-05,50,harvested,IDLE
2026-09-05 17:19:06,14:30,645s,0.014663,1.5e-05,2.149964e-07,1.2e-05,50,harvested,IDLE
2026-09-05 17:19:06,14:30,645s,0.013685,1.4e-05,1.872858e-07,1.2e-05,50,harvested,IDLE
2026-09-05 17:19:06,14:30,645s,0.013685,1.4e-05,1.872858e-07,1.2e-05,50,harvested,IDLE
2026-09-05 17:19:06,14:30,645s,0.013685,1.4e-05,1.872858e-07,1.2e-05,50,harvested,IDLE
2026-09-05 17:19:06,14:30,645s,0.013685,1.4e-05,1.872858e-07,1.2e-05,50,harvested,IDLE
2026-09-05 17:19:06,14:30,645s,0.013685,1.4e-05,1.872858e-07,1.2e-05,50,harvested,IDLE
2026-09-05 17:19:07,14:30,646s,0.013685,1.4e-05,1.872858e-07,1.2e-05,50,harvested,IDLE
2026-09-05 17:19:07,14:30,646s,0.013685,1.4e-05,1.872858e-07,1.2e-05,50,harvested,IDLE
2026-09-05 17:19:07,14:30,646s,0.013685,1.4e-05,1.872858e-07,1.2e-05,50,harvested,IDLE
2026-09-05 17:19:07,14:30,646s,0.013685,1.4e-05,1.872858e-07,1.2e-05,50,harvested,IDLE
2026-09-05 17:19:07,14:30,646s,0.014663,1.5e-05,2.149964e-07,1.2e-05,50,harvested,IDLE
2026-09-05 17:19:07,14:30,646s,0.013685,1.4e-05,1.872858e-07,1.2e-05,50,harvested,IDLE
2026-09-05 17:19:07,14:30,646s,0.002933,2.932551e-06,8.599857e-09,1.2e-05,50,harvested,IDLE
2026-09-05 17:19:07,14:30,646s,0.01564,1.6e-05,2.446181e-07,1.2e-05,50,harvested,IDLE
2026-09-05 17:19:08,14:30,647s,0.012708,1.3e-05,1.614862e-07,1.2e-05,50,harvested,IDLE
2026-09-05 17:19:08,14:30,647s,0.016618,1.7e-05,2.76151e-07,1.2e-05,50,harvested,IDLE
2026-09-05 17:19:08,14:30,647s,0.012708,1.3e-05,1.614862e-07,1.2e-05,50,harvested,IDLE
2026-09-05 17:19:08,14:30,647s,0.244379,0.000244,6e-05,1.2e-05,50,harvested,PRESSED
2026-09-05 17:19:08,14:30,647s,0.124145,0.000124,1.5e-05,1.2e-05,50,harvested,IDLE
2026-09-05 17:19:08,14:30,647s,0.422287,0.000422,0.000178,1.2e-05,50,harvested,PRESSED
2026-09-05 17:19:08,14:30,647s,0.14174,0.000142,2e-05,1.2e-05,50,harvested,IDLE
2026-09-05 17:19:08,14:30,647s,0.132942,0.000133,1.8e-05,1.2e-05,50,harvested,PRESSED
2026-09-05 17:19:09,14:30,648s,0.265885,0.000266,7.1e-05,1.2e-05,50,harvested,IDLE
2026-09-05 17:19:09,14:30,648s,0.013685,1.4e-05,1.872858e-07,1.2e-05,50,harvested,IDLE
2026-09-05 17:19:09,14:30,648s,0.005865,5.865103e-06,3.439943e-08,1.2e-05,50,harvested,IDLE
2026-09-05 17:19:09,14:30,648s,0.014663,1.5e-05,2.149964e-07,1.2e-05,50,harvested,IDLE
2026-09-05 17:19:09,14:30,648s,0.013685,1.4e-05,1.872858e-07,1.2e-05,50,harvested,IDLE
2026-09-05 17:19:09,14:30,648s,0.014663,1.5e-05,2.149964e-07,1.2e-05,50,harvested,IDLE
2026-09-05 17:19:09,14:30,648s,0.013685,1.4e-05,1.872858e-07,1.2e-05,50,harvested,IDLE
2026-09-05 17:19:09,14:30,648s,0.013685,1.4e-05,1.872858e-07,1.2e-05,50,harvested,IDLE
2026-09-05 17:19:10,14:30,649s,0.013685,1.4e-05,1.872858e-07,1.2e-05,50,harvested,IDLE
2026-09-05 17:19:10,14:30,649s,0.013685,1.4e-05,1.872858e-07,1.2e-05,50,harvested,IDLE
2026-09-05 17:19:10,14:30,649s,0.013685,1.4e-05,1.872858e-07,1.2e-05,50,harvested,IDLE
2026-09-05 17:19:10,14:30,649s,0.013685,1.4e-05,1.872858e-07,1.2e-05,50,harvested,IDLE
2026-09-05 17:19:10,14:30,649s,0.013685,1.4e-05,1.872858e-07,1.2e-05,50,harvested,IDLE
2026-09-05 17:19:10,14:30,649s,0.013685,1.4e-05,1.872858e-07,1.2e-05,50,harvested,IDLE
2026-09-05 17:19:10,14:30,649s,0.014663,1.5e-05,2.149964e-07,1.2e-05,50,harvested,IDLE
2026-09-05 17:19:10,14:30,649s,0.013685,1.4e-05,1.872858e-07,1.2e-05,50,harvested,IDLE
2026-09-05 17:19:11,14:30,650s,0.013685,1.4e-05,1.872858e-07,1.2e-05,50,harvested,IDLE
2026-09-05 17:19:11,14:30,650s,0.013685,1.4e-05,1.872858e-07,1.2e-05,50,harvested,IDLE
2026-09-05 17:19:11,14:30,650s,0.013685,1.4e-05,1.872858e-07,1.2e-05,50,harvested,IDLE
2026-09-05 17:19:11,14:30,650s,0.014663,1.5e-05,2.149964e-07,1.2e-05,50,harvested,IDLE
2026-09-05 17:19:11,14:30,650s,0.013685,1.4e-05,1.872858e-07,1.2e-05,50,harvested,IDLE
2026-09-05 17:19:11,14:30,650s,0.013685,1.4e-05,1.872858e-07,1.2e-05,50,harvested,IDLE
2026-09-05 17:19:11,14:30,650s,0.014663,1.5e-05,2.149964e-07,1.2e-05,50,harvested,IDLE
2026-09-05 17:19:11,14:30,650s,0.01564,1.6e-05,2.446181e-07,1.2e-05,50,harvested,IDLE
2026-09-05 17:19:12,14:30,651s,0.013685,1.4e-05,1.872858e-07,1.2e-05,50,harvested,IDLE
2026-09-05 17:19:12,14:30,651s,0.013685,1.4e-05,1.872858e-07,1.2e-05,50,harvested,IDLE
2026-09-05 17:19:12,14:30,651s,0.014663,1.5e-05,2.149964e-07,1.2e-05,50,harvested,IDLE
2026-09-05 17:19:12,14:30,651s,0.01955,2e-05,3.822159e-07,1.2e-05,50,harvested,IDLE
2026-09-05 17:19:12,14:30,651s,0.113392,0.000113,1.3e-05,1.2e-05,50,harvested,PRESSED
2026-09-05 17:19:12,14:30,651s,0.41349,0.000413,0.000171,1.2e-05,50,harvested,IDLE
2026-09-05 17:19:12,14:30,651s,0.095797,9.6e-05,9.177003e-06,1.2e-05,50,harvested,PRESSED
2026-09-05 17:19:12,14:30,651s,0.051808,5.2e-05,2.684111e-06,1.2e-05,50,harvested,IDLE
2026-09-05 17:19:13,14:30,652s,0.13783,0.000138,1.9e-05,1.2e-05,50,harvested,PRESSED
2026-09-05 17:19:13,14:30,652s,0.200391,0.0002,4e-05,1.2e-05,50,harvested,IDLE
2026-09-05 17:19:13,14:30,652s,0.100684,0.000101,1e-05,1.2e-05,50,harvested,PRESSED
2026-09-05 17:19:13,14:30,652s,0.014663,1.5e-05,2.149964e-07,1.2e-05,50,harvested,IDLE
2026-09-05 17:19:13,14:30,652s,0.012708,1.3e-05,1.614862e-07,1.2e-05,50,harvested,IDLE
2026-09-05 17:19:13,14:30,652s,0.014663,1.5e-05,2.149964e-07,1.2e-05,50,harvested,IDLE
2026-09-05 17:19:13,14:30,652s,0.013685,1.4e-05,1.872858e-07,1.2e-05,50,harvested,IDLE
2026-09-05 17:19:13,14:30,652s,0.013685,1.4e-05,1.872858e-07,1.2e-05,50,harvested,IDLE
2026-09-05 17:19:14,14:30,653s,0.013685,1.4e-05,1.872858e-07,1.2e-05,50,harvested,IDLE
2026-09-05 17:19:14,14:30,653s,0.014663,1.5e-05,2.149964e-07,1.2e-05,50,harvested,IDLE
2026-09-05 17:19:14,14:30,653s,0.013685,1.4e-05,1.872858e-07,1.2e-05,50,harvested,IDLE
2026-09-05 17:19:14,14:30,653s,0.013685,1.4e-05,1.872858e-07,1.2e-05,50,harvested,IDLE
2026-09-05 17:19:14,14:30,653s,0.013685,1.4e-05,1.872858e-07,1.2e-05,50,harvested,IDLE
2026-09-05 17:19:14,14:30,653s,0.013685,1.4e-05,1.872858e-07,1.2e-05,50,harvested,IDLE
2026-09-05 17:19:14,14:30,653s,0.013685,1.4e-05,1.872858e-07,1.2e-05,50,harvested,IDLE
2026-09-05 17:19:14,14:30,653s,0.013685,1.4e-05,1.872858e-07,1.2e-05,50,harvested,IDLE
2026-09-05 17:19:15,14:30,654s,0.013685,1.4e-05,1.872858e-07,1.2e-05,50,harvested,IDLE
2026-09-05 17:19:15,14:30,654s,0.013685,1.4e-05,1.872858e-07,1.2e-05,50,harvested,IDLE
2026-09-05 17:19:15,14:30,654s,0.013685,1.4e-05,1.872858e-07,1.2e-05,50,harvested,IDLE
2026-09-05 17:19:15,14:30,654s,0.012708,1.3e-05,1.614862e-07,1.2e-05,50,harvested,IDLE
2026-09-05 17:19:15,14:30,654s,0.012708,1.3e-05,1.614862e-07,1.2e-05,50,harvested,IDLE
2026-09-05 17:19:15,14:30,654s,0.014663,1.5e-05,2.149964e-07,1.2e-05,50,harvested,IDLE
2026-09-05 17:19:15,14:30,654s,0.012708,1.3e-05,1.614862e-07,1.2e-05,50,harvested,IDLE
2026-09-05 17:19:15,14:30,654s,0.013685,1.4e-05,1.872858e-07,1.2e-05,50,harvested,IDLE
2026-09-05 17:19:16,14:30,655s,0.013685,1.4e-05,1.872858e-07,1.2e-05,50,harvested,IDLE
2026-09-05 17:19:16,14:30,655s,0.013685,1.4e-05,1.872858e-07,1.2e-05,50,harvested,IDLE
2026-09-05 17:19:16,14:30,655s,0.013685,1.4e-05,1.872858e-07,1.2e-05,50,harvested,IDLE
2026-09-05 17:19:16,14:30,655s,0.231672,0.000232,5.4e-05,1.2e-05,50,harvested,PRESSED
2026-09-05 17:19:16,14:30,655s,0.101662,0.000102,1e-05,1.2e-05,50,harvested,IDLE
2026-09-05 17:19:16,14:30,655s,0.076246,7.6e-05,5.813504e-06,1.2e-05,50,harvested,PRESSED
2026-09-05 17:19:16,14:30,655s,0.168133,0.000168,2.8e-05,1.2e-05,50,harvested,IDLE
2026-09-05 17:19:16,14:30,655s,0.102639,0.000103,1.1e-05,1.2e-05,50,harvested,PRESSED
2026-09-05 17:19:17,14:30,656s,0.080156,8e-05,6.425048e-06,1.2e-05,50,harvested,IDLE
2026-09-05 17:19:17,14:30,656s,0.076246,7.6e-05,5.813504e-06,1.2e-05,50,harvested,PRESSED
2026-09-05 17:19:17,14:30,656s,0.317693,0.000318,0.000101,1.3e-05,50,harvested,IDLE
2026-09-05 17:19:17,14:30,656s,0.108504,0.000109,1.2e-05,1.3e-05,50,harvested,PRESSED
2026-09-05 17:19:17,14:30,656s,0.030303,3e-05,9.182737e-07,1.3e-05,50,harvested,IDLE
2026-09-05 17:19:17,14:30,656s,0.090909,9.1e-05,8.264464e-06,1.3e-05,50,harvested,PRESSED
2026-09-05 17:19:17,14:30,656s,0.004888,4.887585e-06,2.388849e-08,1.3e-05,50,harvested,IDLE
2026-09-05 17:19:17,14:30,656s,0.013685,1.4e-05,1.872858e-07,1.3e-05,50,harvested,IDLE
2026-09-05 17:19:18,14:30,657s,0.013685,1.4e-05,1.872858e-07,1.3e-05,50,harvested,IDLE
2026-09-05 17:19:18,14:30,657s,0.014663,1.5e-05,2.149964e-07,1.3e-05,50,harvested,IDLE
2026-09-05 17:19:18,14:30,657s,0.013685,1.4e-05,1.872858e-07,1.3e-05,50,harvested,IDLE
2026-09-05 17:19:18,14:30,657s,0.013685,1.4e-05,1.872858e-07,1.3e-05,50,harvested,IDLE
2026-09-05 17:19:18,14:30,657s,0.013685,1.4e-05,1.872858e-07,1.3e-05,50,harvested,IDLE
2026-09-05 17:19:18,14:30,657s,0.013685,1.4e-05,1.872858e-07,1.3e-05,50,harvested,IDLE
2026-09-05 17:19:18,14:30,657s,0.013685,1.4e-05,1.872858e-07,1.3e-05,50,harvested,IDLE
2026-09-05 17:19:18,14:30,657s,0.013685,1.4e-05,1.872858e-07,1.3e-05,50,harvested,IDLE
2026-09-05 17:19:19,14:30,658s,0.013685,1.4e-05,1.872858e-07,1.3e-05,50,harvested,IDLE
2026-09-05 17:19:19,14:30,658s,0.013685,1.4e-05,1.872858e-07,1.3e-05,50,harvested,IDLE
2026-09-05 17:19:19,14:30,658s,0.013685,1.4e-05,1.872858e-07,1.3e-05,50,harvested,IDLE
2026-09-05 17:19:19,14:30,658s,0.01564,1.6e-05,2.446181e-07,1.3e-05,50,harvested,IDLE
2026-09-05 17:19:19,14:30,658s,0.013685,1.4e-05,1.872858e-07,1.3e-05,50,harvested,IDLE
2026-09-05 17:19:19,14:30,658s,0.013685,1.4e-05,1.872858e-07,1.3e-05,50,harvested,IDLE
2026-09-05 17:19:19,14:30,658s,0.013685,1.4e-05,1.872858e-07,1.3e-05,50,harvested,IDLE
2026-09-05 17:19:19,14:30,658s,0.013685,1.4e-05,1.872858e-07,1.3e-05,50,harvested,IDLE
2026-09-05 17:19:20,14:30,659s,0.014663,1.5e-05,2.149964e-07,1.3e-05,50,harvested,IDLE
2026-09-05 17:19:20,14:30,659s,0.184751,0.000185,3.4e-05,1.3e-05,50,harvested,PRESSED
2026-09-05 17:19:20,14:30,659s,0.008798,8.797654e-06,7.739872e-08,1.3e-05,50,harvested,IDLE
2026-09-05 17:19:20,14:30,659s,0,0,0,1.3e-05,50,harvested,IDLE
2026-09-05 17:19:20,14:30,659s,0.167155,0.000167,2.8e-05,1.3e-05,50,harvested,PRESSED
2026-09-05 17:19:20,14:30,659s,0.476051,0.000476,0.000227,1.3e-05,50,harvested,IDLE
2026-09-05 17:19:20,14:30,659s,0.14174,0.000142,2e-05,1.3e-05,50,harvested,PRESSED
2026-09-05 17:19:20,14:30,659s,0,0,0,1.3e-05,50,harvested,IDLE
2026-09-05 17:19:21,14:30,660s,0.308895,0.000309,9.5e-05,1.3e-05,50,harvested,PRESSED
2026-09-05 17:19:21,14:30,660s,0.00391,3.910068e-06,1.528863e-08,1.3e-05,50,harvested,IDLE
2026-09-05 17:19:21,14:30,660s,0.056696,5.7e-05,3.214436e-06,1.3e-05,50,harvested,PRESSED
2026-09-05 17:19:21,14:30,660s,0.002933,2.932551e-06,8.599857e-09,1.3e-05,50,harvested,IDLE
2026-09-05 17:19:21,14:30,660s,0.402737,0.000403,0.000162,1.3e-05,50,harvested,PRESSED
2026-09-05 17:19:21,14:30,660s,0.042033,4.2e-05,1.766793e-06,1.3e-05,50,harvested,IDLE
2026-09-05 17:19:21,14:30,660s,0.073314,7.3e-05,5.37491e-06,1.3e-05,50,harvested,PRESSED
2026-09-05 17:19:21,14:30,660s,0.013685,1.4e-05,1.872858e-07,1.3e-05,50,harvested,IDLE
2026-09-05 17:19:22,14:30,661s,0.014663,1.5e-05,2.149964e-07,1.3e-05,50,harvested,IDLE
2026-09-05 17:19:22,14:30,661s,0.013685,1.4e-05,1.872858e-07,1.3e-05,50,harvested,IDLE
2026-09-05 17:19:22,14:30,661s,0.013685,1.4e-05,1.872858e-07,1.3e-05,50,harvested,IDLE
2026-09-05 17:19:22,14:30,661s,0.013685,1.4e-05,1.872858e-07,1.3e-05,50,harvested,IDLE
2026-09-05 17:19:22,14:30,661s,0.013685,1.4e-05,1.872858e-07,1.3e-05,50,harvested,IDLE
2026-09-05 17:19:22,14:30,661s,0.014663,1.5e-05,2.149964e-07,1.3e-05,50,harvested,IDLE
2026-09-05 17:19:22,14:30,661s,0.013685,1.4e-05,1.872858e-07,1.3e-05,50,harvested,IDLE
2026-09-05 17:19:22,14:30,661s,0.013685,1.4e-05,1.872858e-07,1.3e-05,50,harvested,IDLE
2026-09-05 17:19:23,14:30,662s,0.013685,1.4e-05,1.872858e-07,1.3e-05,50,harvested,IDLE
2026-09-05 17:19:23,14:30,662s,0.013685,1.4e-05,1.872858e-07,1.3e-05,50,harvested,IDLE
2026-09-05 17:19:23,14:30,662s,0.013685,1.4e-05,1.872858e-07,1.3e-05,50,harvested,IDLE
2026-09-05 17:19:23,14:30,662s,0.013685,1.4e-05,1.872858e-07,1.3e-05,50,harvested,IDLE
2026-09-05 17:19:23,14:30,662s,0.013685,1.4e-05,1.872858e-07,1.3e-05,50,harvested,IDLE
2026-09-05 17:19:23,14:30,662s,0.013685,1.4e-05,1.872858e-07,1.3e-05,50,harvested,IDLE
2026-09-05 17:19:23,14:30,662s,0.013685,1.4e-05,1.872858e-07,1.3e-05,50,harvested,IDLE
2026-09-05 17:19:23,14:30,662s,0.013685,1.4e-05,1.872858e-07,1.3e-05,50,harvested,IDLE
2026-09-05 17:19:24,14:30,663s,0.013685,1.4e-05,1.872858e-07,1.3e-05,50,harvested,IDLE
2026-09-05 17:19:24,14:30,663s,0.013685,1.4e-05,1.872858e-07,1.3e-05,50,harvested,IDLE
2026-09-05 17:19:24,14:30,663s,0.013685,1.4e-05,1.872858e-07,1.3e-05,50,harvested,IDLE
2026-09-05 17:19:24,14:30,663s,0.012708,1.3e-05,1.614862e-07,1.3e-05,50,harvested,IDLE
2026-09-05 17:19:24,14:30,663s,0.013685,1.4e-05,1.872858e-07,1.3e-05,50,harvested,IDLE
2026-09-05 17:19:24,14:30,663s,0.177908,0.000178,3.2e-05,1.3e-05,50,harvested,PRESSED
2026-09-05 17:19:24,14:30,663s,0.024438,2.4e-05,5.972124e-07,1.3e-05,50,harvested,IDLE
2026-09-05 17:19:24,14:30,663s,0.080156,8e-05,6.425048e-06,1.3e-05,50,harvested,PRESSED
2026-09-05 17:19:25,14:30,664s,0.345064,0.000345,0.000119,1.3e-05,50,harvested,IDLE
2026-09-05 17:19:25,14:30,664s,0.040078,4e-05,1.606262e-06,1.3e-05,50,harvested,PRESSED
2026-09-05 17:19:25,14:30,664s,0.108504,0.000109,1.2e-05,1.3e-05,50,harvested,IDLE
2026-09-05 17:19:25,14:30,664s,0.558162,0.000558,0.000312,1.3e-05,50,harvested,PRESSED
2026-09-05 17:19:25,14:30,664s,0.127077,0.000127,1.6e-05,1.3e-05,50,harvested,IDLE
2026-09-05 17:19:25,14:30,664s,0.135875,0.000136,1.8e-05,1.3e-05,50,harvested,PRESSED
2026-09-05 17:19:25,14:30,664s,0.593353,0.000593,0.000352,1.3e-05,50,harvested,IDLE
2026-09-05 17:19:25,14:30,664s,0.248289,0.000248,6.2e-05,1.3e-05,50,harvested,PRESSED
2026-09-05 17:19:26,14:30,665s,0.205279,0.000205,4.2e-05,1.3e-05,50,harvested,IDLE
2026-09-05 17:19:26,14:30,665s,0.01955,2e-05,3.822159e-07,1.3e-05,50,harvested,IDLE
2026-09-05 17:19:26,14:30,665s,0.014663,1.5e-05,2.149964e-07,1.3e-05,50,harvested,IDLE
2026-09-05 17:19:26,14:30,665s,0.014663,1.5e-05,2.149964e-07,1.3e-05,50,harvested,IDLE
2026-09-05 17:19:26,14:30,665s,0.013685,1.4e-05,1.872858e-07,1.3e-05,50,harvested,IDLE
2026-09-05 17:19:26,14:30,665s,0.012708,1.3e-05,1.614862e-07,1.3e-05,50,harvested,IDLE
2026-09-05 17:19:26,14:30,665s,0.013685,1.4e-05,1.872858e-07,1.3e-05,50,harvested,IDLE
2026-09-05 17:19:26,14:30,665s,0.014663,1.5e-05,2.149964e-07,1.3e-05,50,harvested,IDLE
2026-09-05 17:19:27,14:30,666s,0.013685,1.4e-05,1.872858e-07,1.3e-05,50,harvested,IDLE
2026-09-05 17:19:27,14:30,666s,0.013685,1.4e-05,1.872858e-07,1.3e-05,50,harvested,IDLE
2026-09-05 17:19:27,14:30,666s,0.014663,1.5e-05,2.149964e-07,1.3e-05,50,harvested,IDLE
2026-09-05 17:19:27,14:30,666s,0.013685,1.4e-05,1.872858e-07,1.3e-05,50,harvested,IDLE
2026-09-05 17:19:27,14:30,666s,0.013685,1.4e-05,1.872858e-07,1.3e-05,50,harvested,IDLE
2026-09-05 17:19:27,14:30,666s,0.013685,1.4e-05,1.872858e-07,1.3e-05,50,harvested,IDLE
2026-09-05 17:19:27,14:30,666s,0.013685,1.4e-05,1.872858e-07,1.3e-05,50,harvested,IDLE
2026-09-05 17:19:27,14:30,666s,0.013685,1.4e-05,1.872858e-07,1.3e-05,50,harvested,IDLE
2026-09-05 17:19:28,14:30,667s,0.013685,1.4e-05,1.872858e-07,1.3e-05,50,harvested,IDLE
2026-09-05 17:19:28,14:30,667s,0.013685,1.4e-05,1.872858e-07,1.3e-05,50,harvested,IDLE
2026-09-05 17:19:28,14:30,667s,0.013685,1.4e-05,1.872858e-07,1.3e-05,50,harvested,IDLE
2026-09-05 17:19:28,14:30,667s,0.013685,1.4e-05,1.872858e-07,1.3e-05,50,harvested,IDLE
2026-09-05 17:19:28,14:30,667s,0.013685,1.4e-05,1.872858e-07,1.3e-05,50,harvested,IDLE
2026-09-05 17:19:28,14:30,667s,0.013685,1.4e-05,1.872858e-07,1.3e-05,50,harvested,IDLE
2026-09-05 17:19:28,14:30,667s,0.012708,1.3e-05,1.614862e-07,1.3e-05,50,harvested,IDLE
2026-09-05 17:19:28,14:30,667s,0.013685,1.4e-05,1.872858e-07,1.3e-05,50,harvested,IDLE
2026-09-05 17:19:29,14:30,668s,0.013685,1.4e-05,1.872858e-07,1.3e-05,50,harvested,IDLE
2026-09-05 17:19:29,14:30,668s,0.496579,0.000497,0.000247,1.3e-05,50,harvested,PRESSED
2026-09-05 17:19:29,14:30,668s,0.095797,9.6e-05,9.177003e-06,1.3e-05,50,harvested,IDLE
2026-09-05 17:19:29,14:30,668s,0.300098,0.0003,9e-05,1.3e-05,50,harvested,PRESSED
2026-09-05 17:19:29,14:30,668s,0.051808,5.2e-05,2.684111e-06,1.3e-05,50,harvested,IDLE
2026-09-05 17:19:29,14:30,668s,0.078201,7.8e-05,6.115454e-06,1.3e-05,50,harvested,PRESSED
2026-09-05 17:19:29,14:30,668s,0.269795,0.00027,7.3e-05,1.3e-05,50,harvested,IDLE
2026-09-05 17:19:29,14:30,668s,0.000978,9.775171e-07,9.555396e-10,1.3e-05,50,harvested,IDLE
2026-09-05 17:19:30,14:30,669s,0.070381,7e-05,4.953518e-06,1.3e-05,50,harvested,PRESSED
2026-09-05 17:19:30,14:30,669s,0.312805,0.000313,9.8e-05,1.3e-05,50,harvested,IDLE
2026-09-05 17:19:30,14:30,669s,0.01564,1.6e-05,2.446181e-07,1.3e-05,50,harvested,IDLE
2026-09-05 17:19:30,14:30,669s,0.106549,0.000107,1.1e-05,1.3e-05,50,harvested,PRESSED
2026-09-05 17:19:30,14:30,669s,0.15738,0.000157,2.5e-05,1.3e-05,50,harvested,IDLE
2026-09-05 17:19:30,14:30,669s,0.012708,1.3e-05,1.614862e-07,1.3e-05,50,harvested,IDLE
2026-09-05 17:19:30,14:30,669s,0.013685,1.4e-05,1.872858e-07,1.3e-05,50,harvested,IDLE
2026-09-05 17:19:30,14:30,669s,0.013685,1.4e-05,1.872858e-07,1.3e-05,50,harvested,IDLE
2026-09-05 17:19:31,14:30,670s,0.014663,1.5e-05,2.149964e-07,1.3e-05,50,harvested,IDLE
2026-09-05 17:19:31,14:30,670s,0.013685,1.4e-05,1.872858e-07,1.3e-05,50,harvested,IDLE
2026-09-05 17:19:31,14:30,670s,0.013685,1.4e-05,1.872858e-07,1.3e-05,50,harvested,IDLE
2026-09-05 17:19:31,14:30,670s,0.013685,1.4e-05,1.872858e-07,1.3e-05,50,harvested,IDLE
2026-09-05 17:19:31,14:30,670s,0.013685,1.4e-05,1.872858e-07,1.3e-05,50,harvested,IDLE
2026-09-05 17:19:31,14:30,670s,0.013685,1.4e-05,1.872858e-07,1.3e-05,50,harvested,IDLE
2026-09-05 17:19:31,14:30,670s,0.013685,1.4e-05,1.872858e-07,1.3e-05,50,harvested,IDLE
2026-09-05 17:19:31,14:30,670s,0.013685,1.4e-05,1.872858e-07,1.3e-05,50,harvested,IDLE
2026-09-05 17:19:32,14:30,671s,0.013685,1.4e-05,1.872858e-07,1.3e-05,50,harvested,IDLE
2026-09-05 17:19:32,14:30,671s,0.013685,1.4e-05,1.872858e-07,1.3e-05,50,harvested,IDLE
2026-09-05 17:19:32,14:30,671s,0.013685,1.4e-05,1.872858e-07,1.3e-05,50,harvested,IDLE
2026-09-05 17:19:32,14:30,671s,0.013685,1.4e-05,1.872858e-07,1.3e-05,50,harvested,IDLE
2026-09-05 17:19:32,14:30,671s,0.013685,1.4e-05,1.872858e-07,1.3e-05,50,harvested,IDLE
2026-09-05 17:19:32,14:30,671s,0.013685,1.4e-05,1.872858e-07,1.3e-05,50,harvested,IDLE
2026-09-05 17:19:32,14:30,671s,0.013685,1.4e-05,1.872858e-07,1.3e-05,50,harvested,IDLE
2026-09-05 17:19:32,14:30,671s,0.013685,1.4e-05,1.872858e-07,1.3e-05,50,harvested,IDLE
2026-09-05 17:19:33,14:30,672s,0.117302,0.000117,1.4e-05,1.3e-05,50,harvested,PRESSED
2026-09-05 17:19:33,14:30,672s,0.2913,0.000291,8.5e-05,1.3e-05,50,harvested,IDLE
2026-09-05 17:19:33,14:30,672s,0.018573,1.9e-05,3.449499e-07,1.3e-05,50,harvested,IDLE
2026-09-05 17:19:33,14:30,672s,0.1261,0.000126,1.6e-05,1.3e-05,50,harvested,PRESSED
2026-09-05 17:19:33,14:30,672s,0.30303,0.000303,9.2e-05,1.3e-05,50,harvested,IDLE
2026-09-05 17:19:33,14:30,672s,0.005865,5.865103e-06,3.439943e-08,1.3e-05,50,harvested,IDLE
2026-09-05 17:19:33,14:30,672s,0.115347,0.000115,1.3e-05,1.3e-05,50,harvested,PRESSED
2026-09-05 17:19:33,14:30,672s,0.160313,0.00016,2.6e-05,1.3e-05,50,harvested,IDLE
2026-09-05 17:19:33,14:30,673s,0.379277,0.000379,0.000144,1.3e-05,50,harvested,PRESSED
2026-09-05 17:19:34,14:30,673s,0.252199,0.000252,6.4e-05,1.3e-05,50,harvested,IDLE
2026-09-05 17:19:34,14:30,673s,0.175953,0.000176,3.1e-05,1.3e-05,50,harvested,PRESSED
2026-09-05 17:19:34,14:30,673s,0.261975,0.000262,6.9e-05,1.3e-05,50,harvested,IDLE
2026-09-05 17:19:34,14:30,673s,0.01564,1.6e-05,2.446181e-07,1.3e-05,50,harvested,IDLE
2026-09-05 17:19:34,14:30,673s,0.265885,0.000266,7.1e-05,1.3e-05,50,harvested,PRESSED
2026-09-05 17:19:34,14:30,673s,0.014663,1.5e-05,2.149964e-07,1.3e-05,50,harvested,IDLE
2026-09-05 17:19:34,14:30,673s,0.012708,1.3e-05,1.614862e-07,1.3e-05,50,harvested,IDLE
2026-09-05 17:19:34,14:30,674s,0.014663,1.5e-05,2.149964e-07,1.3e-05,50,harvested,IDLE
2026-09-05 17:19:35,14:30,674s,0.013685,1.4e-05,1.872858e-07,1.3e-05,50,harvested,IDLE
2026-09-05 17:19:35,14:30,674s,0.013685,1.4e-05,1.872858e-07,1.3e-05,50,harvested,IDLE
2026-09-05 17:19:35,14:30,674s,0.013685,1.4e-05,1.872858e-07,1.3e-05,50,harvested,IDLE
2026-09-05 17:19:35,14:30,674s,0.013685,1.4e-05,1.872858e-07,1.3e-05,50,harvested,IDLE
2026-09-05 17:19:35,14:30,674s,0.013685,1.4e-05,1.872858e-07,1.3e-05,50,harvested,IDLE
2026-09-05 17:19:35,14:30,674s,0.013685,1.4e-05,1.872858e-07,1.3e-05,50,harvested,IDLE
2026-09-05 17:19:35,14:30,674s,0.013685,1.4e-05,1.872858e-07,1.3e-05,50,harvested,IDLE
2026-09-05 17:19:35,14:30,675s,0.013685,1.4e-05,1.872858e-07,1.3e-05,50,harvested,IDLE
2026-09-05 17:19:36,14:30,675s,0.013685,1.4e-05,1.872858e-07,1.3e-05,50,harvested,IDLE
2026-09-05 17:19:36,14:30,675s,0.013685,1.4e-05,1.872858e-07,1.3e-05,50,harvested,IDLE
2026-09-05 17:19:36,14:30,675s,0.013685,1.4e-05,1.872858e-07,1.3e-05,50,harvested,IDLE
2026-09-05 17:19:36,14:30,675s,0.013685,1.4e-05,1.872858e-07,1.3e-05,50,harvested,IDLE
2026-09-05 17:19:36,14:30,675s,0.013685,1.4e-05,1.872858e-07,1.3e-05,50,harvested,IDLE
2026-09-05 17:19:36,14:30,675s,0.013685,1.4e-05,1.872858e-07,1.3e-05,50,harvested,IDLE
2026-09-05 17:19:36,14:30,675s,0.013685,1.4e-05,1.872858e-07,1.3e-05,50,harvested,IDLE
2026-09-05 17:19:36,14:30,676s,0.012708,1.3e-05,1.614862e-07,1.3e-05,50,harvested,IDLE
2026-09-05 17:19:37,14:30,676s,0.013685,1.4e-05,1.872858e-07,1.3e-05,50,harvested,IDLE
2026-09-05 17:19:37,14:30,676s,0.013685,1.4e-05,1.872858e-07,1.3e-05,50,harvested,IDLE
2026-09-05 17:19:37,14:30,676s,0.013685,1.4e-05,1.872858e-07,1.3e-05,50,harvested,IDLE
2026-09-05 17:19:37,14:30,676s,0.013685,1.4e-05,1.872858e-07,1.3e-05,50,harvested,IDLE
